Workbook

Sheet Guía
B2: Casos de Prueba del Sistema — PsicoGestión
B3: Basado en el ERS_PsicoGestión v0.3 (27/mayo/2025) · Documento generado: 28/08/2026
B5: Objetivo del documento
B6: Definir los casos de prueba del sistema PsicoGestión a partir de los requerimientos funcionales (RF) y no funcionales (RNF) del ERS, como base para la etapa de pruebas de sistema dentro del ciclo de QA. Cada caso de prueba es trazable a uno o más requisitos del ERS, para poder demostrar cobertura de pruebas.
B8: Cómo usar este archivo
B9: Hoja 'Casos de Prueba' | C9: Contiene la matriz completa de casos de prueba, organizada por módulo funcional. Es la hoja de trabajo principal: úsala para ejecutar las pruebas y registrar resultados.
B10: Columna 'Resultado obtenido' | C10: Regístralo durante la ejecución: qué ocurrió realmente al correr el caso.
B11: Columna 'Estado' | C11: Actualízala en cada ejecución. Valores disponibles (lista desplegable): Pendiente, Aprobado, Fallido, Bloqueado, No aplica.
B12: Columna 'Observaciones' | C12: Anota aquí notas adicionales, capturas de pantalla asociadas, o el ID del reporte de defecto (ver plantilla 'Reporte de defectos' en docs/plantillas del repositorio) cuando un caso falle.
B13: Hoja 'Resumen' | C13: Se actualiza automáticamente y muestra el avance de ejecución por módulo y por prioridad.
B15: Convención de identificadores (ID)
B16: CP-<MÓDULO>-<###> → Ejemplo: CP-CIT-011 = Caso de Prueba #011 del módulo de Citas. Prefijos de módulo: CTA = Cuentas · TER = Terapeutas · PAC = Pacientes · SAL = Salas · CIT = Citas · AGE = Agenda · INI = Página de inicio · RNF = Requisitos no funcionales. El campo 'Requisito(s) relacionado(s)' usa la nomenclatura del ERS: RF X.Y.Z (requerimiento funcional) y RNF X.Y.Z (requerimiento no funcional), donde X = módulo, Y = subcategoría, Z = número de requisito.
B18: Tipos de caso de prueba
B19: Funcional - Positivo | C19: Verifica que el sistema funcione correctamente con datos y flujos válidos (camino feliz).
B20: Funcional - Negativo | C20: Verifica que el sistema rechace o maneje correctamente datos inválidos, duplicados o flujos incorrectos.
B21: Límite | C21: Verifica el comportamiento del sistema en los valores frontera de una validación (mínimos, máximos).
B22: No funcional | C22: Verifica atributos de calidad: rendimiento, seguridad, confiabilidad, portabilidad y usabilidad.
B24: Prioridad
B25: Asignada según la clasificación MoSCoW de requerimientos del ERS (sección 2.6): Alta = cubre requisitos Must Have (M) o riesgos críticos de seguridad/integridad de datos. Media = cubre requisitos Should Have (S) o validaciones secundarias. Baja = cubre flujos alternos/cancelaciones o requisitos Could Have (C). Sugerencia: ejecutar primero todos los casos de prioridad Alta antes de una liberación.
B27: Próximos pasos sugeridos
B28: 1. Revisar y ajustar los casos de prueba con el equipo (nombres de pantallas, datos de prueba reales, ambiente).
B29: 2. Completar casos de prueba adicionales para RF/RNF muy específicos no cubiertos en esta primera versión (ver nota abajo).
B30: 3. Definir el ambiente y los datos de prueba (usuarios, pacientes, terapeutas y salas de prueba).
B31: 4. Ejecutar los casos priorizando 'Alta', registrando 'Resultado obtenido' y 'Estado'.
B32: 5. Los casos fallidos se documentan con la plantilla de 'Reporte de defectos' (docs/plantillas) y se referencian en 'Observaciones'.
B33: 6. Actualizar la hoja 'Resumen' (automática) para reportar avance de pruebas al equipo.
B35: Nota sobre cobertura
B36: Esta versión incluye 92 casos de prueba que cubren los flujos principales, validaciones de campo (formato, unicidad, límites de longitud/edad/fecha) y una muestra representativa de requisitos no funcionales, para 6 de los 7 módulos funcionales del ERS (por indicación del usuario, se excluyó por completo el módulo '2. Administración de terapeutas' — la numeración de módulos conserva la del ERS y por eso salta del 1 al 3). Algunos RF muy granulares (p. ej. cada campo individual mostrado en una vista de solo lectura) se agrupan dentro de un mismo caso de prueba por eficiencia. El caso CP-SAL-006 corresponde a una regla de negocio no explícita en el ERS (eliminar una sala con citas asociadas) — se recomienda validarla con el equipo de desarrollo antes de ejecutarla. Nota: la administración de citas sigue referenciando al terapeuta como entidad relacionada (selección de terapeuta al agendar), aunque su módulo de alta/edición no tiene casos de prueba propios en este documento.

Sheet Casos de Prueba
A1: ID | B1: Módulo | C1: Sub-módulo / Funcionalidad | D1: Requisito(s) relacionado(s) | E1: Tipo de prueba | F1: Prioridad | G1: Precondiciones | H1: Datos de entrada | I1: Pasos | J1: Resultado esperado | K1: Resultado obtenido | L1: Estado | M1: Observaciones
A2: CP-CTA-001 | B2: 1. Administración de cuentas | C2: 1.1 Registro de usuarios | D2: RF1.1.1-RF1.1.18 | E2: Funcional - Positivo | F2: Alta | G2: El usuario cuenta con credenciales válidas y accede al formulario de registro de usuario. | H2: Nombre: 'Gaviota Pérez Uc'; Tel: '9991234567'; Correo: 'gperez@correo.uady.mx'; Contraseña: 'Clinica2025!'; Confirmación: 'Clinica2025!' | I2: 1. Ingresar a la pantalla de registro. 2. Capturar nombre completo, teléfono y correo institucional. 3. Confirmar propiedad del correo y capturar el código de verificación recibido. 4. Capturar contraseña y su confirmación. 5. Enviar el formulario de registro. | J2: El sistema valida todos los campos, registra al usuario y lo redirige a la pantalla de inicio de sesión con un mensaje de registro exitoso. | L2: Pendiente
A3: CP-CTA-002 | B3: 1. Administración de cuentas | C3: 1.1 Registro de usuarios | D3: RF1.1.3 | E3: Límite | F3: Media | G3: El usuario cuenta con credenciales válidas y accede al formulario de registro de usuario. | H3: Nombre con 51 caracteres. | I3: 1. Ingresar a la pantalla de registro. 2. Capturar un nombre de 51 caracteres. 3. Intentar continuar el registro. | J3: El sistema rechaza el campo, muestra un mensaje indicando el máximo de 50 caracteres permitidos y no permite avanzar. | L3: Pendiente
A4: CP-CTA-003 | B4: 1. Administración de cuentas | C4: 1.1 Registro de usuarios | D4: RF1.1.3 | E4: Límite | F4: Media | G4: El usuario cuenta con credenciales válidas y accede al formulario de registro de usuario. | H4: Nombre con exactamente 50 caracteres. | I4: 1. Ingresar a la pantalla de registro. 2. Capturar un nombre de exactamente 50 caracteres. 3. Continuar con el resto del registro. | J4: El sistema acepta el campo como válido (valor límite permitido) y permite continuar el registro. | L4: Pendiente
A5: CP-CTA-004 | B5: 1. Administración de cuentas | C5: 1.1 Registro de usuarios | D5: RF1.1.5 | E5: Funcional - Negativo | F5: Alta | G5: El usuario cuenta con credenciales válidas y accede al formulario de registro de usuario. Ya existe un usuario registrado con el teléfono '9991234567'. | H5: Teléfono: '9991234567' (ya registrado). | I5: 1. Ingresar a la pantalla de registro. 2. Capturar un número telefónico ya registrado en el sistema. 3. Intentar continuar el registro. | J5: El sistema detecta la duplicidad y muestra un mensaje de error indicando que el teléfono ya está registrado, sin permitir continuar. | L5: Pendiente
A6: CP-CTA-005 | B6: 1. Administración de cuentas | C6: 1.1 Registro de usuarios | D6: RF1.1.7 | E6: Funcional - Negativo | F6: Alta | G6: El usuario cuenta con credenciales válidas y accede al formulario de registro de usuario. | H6: Correo: 'usuario@gmail.com' (no institucional). | I6: 1. Ingresar a la pantalla de registro. 2. Capturar un correo que no cumple el formato institucional UADY. 3. Intentar continuar el registro. | J6: El sistema muestra un mensaje de error indicando que el correo debe tener formato institucional UADY y no permite avanzar. | L6: Pendiente
A7: CP-CTA-006 | B7: 1. Administración de cuentas | C7: 1.1 Registro de usuarios | D7: RF1.1.8 | E7: Funcional - Negativo | F7: Alta | G7: El usuario cuenta con credenciales válidas y accede al formulario de registro de usuario. Ya existe un usuario registrado con el correo 'gperez@correo.uady.mx'. | H7: Correo: 'gperez@correo.uady.mx' (ya registrado). | I7: 1. Ingresar a la pantalla de registro. 2. Capturar un correo institucional ya registrado. 3. Intentar continuar el registro. | J7: El sistema detecta la duplicidad y muestra un mensaje de error indicando que el correo ya está registrado. | L7: Pendiente
A8: CP-CTA-007 | B8: 1. Administración de cuentas | C8: 1.1 Registro de usuarios | D8: RF1.1.9 | E8: Funcional - Negativo | F8: Media | G8: El usuario cuenta con credenciales válidas y accede al formulario de registro de usuario. | H8: Correo institucional válido, sin confirmar la propiedad del correo. | I8: 1. Ingresar a la pantalla de registro. 2. Capturar el correo institucional. 3. Intentar avanzar sin confirmar la propiedad del correo. | J8: El sistema no permite continuar el registro hasta que el usuario confirme la propiedad del correo electrónico. | L8: Pendiente
A9: CP-CTA-008 | B9: 1. Administración de cuentas | C9: 1.1 Registro de usuarios | D9: RF1.1.10-RF1.1.11 | E9: Funcional - Positivo | F9: Alta | G9: El usuario cuenta con credenciales válidas y accede al formulario de registro de usuario. El usuario confirmó la propiedad del correo. | H9: Código de verificación de 6 dígitos enviado al correo institucional. | I9: 1. Confirmar la propiedad del correo. 2. Revisar el código de verificación recibido en el correo institucional. 3. Ingresar el código en el formulario de registro. | J9: El sistema valida el código correctamente y permite continuar con el registro (captura de contraseña). | L9: Pendiente
A10: CP-CTA-009 | B10: 1. Administración de cuentas | C10: 1.1 Registro de usuarios | D10: RF1.1.11 | E10: Funcional - Negativo | F10: Alta | G10: El usuario cuenta con credenciales válidas y accede al formulario de registro de usuario. El sistema envió un código de verificación al correo institucional. | H10: Código de verificación incorrecto (p. ej. '000000'). | I10: 1. Confirmar la propiedad del correo. 2. Ingresar un código de verificación incorrecto. 3. Enviar el formulario. | J10: El sistema rechaza el código, muestra un mensaje de error y no permite continuar con el registro. | L10: Pendiente
A11: CP-CTA-010 | B11: 1. Administración de cuentas | C11: 1.1 Registro de usuarios | D11: RF1.1.13 | E11: Límite | F11: Alta | G11: El usuario cuenta con credenciales válidas y accede al formulario de registro de usuario. | H11: Contraseña: 'Ab1!' (4 caracteres). | I11: 1. Llegar al paso de captura de contraseña. 2. Ingresar una contraseña de menos de 8 caracteres. 3. Intentar continuar. | J11: El sistema rechaza la contraseña indicando que debe tener un mínimo de 8 caracteres. | L11: Pendiente
A12: CP-CTA-011 | B12: 1. Administración de cuentas | C12: 1.1 Registro de usuarios | D12: RF1.1.13 | E12: Límite | F12: Media | G12: El usuario cuenta con credenciales válidas y accede al formulario de registro de usuario. | H12: Contraseña con 26 caracteres. | I12: 1. Llegar al paso de captura de contraseña. 2. Ingresar una contraseña de 26 caracteres. 3. Intentar continuar. | J12: El sistema rechaza la contraseña indicando que el máximo permitido es de 25 caracteres. | L12: Pendiente
A13: CP-CTA-012 | B13: 1. Administración de cuentas | C13: 1.1 Registro de usuarios | D13: RF1.1.14 | E13: Funcional - Negativo | F13: Alta | G13: El usuario cuenta con credenciales válidas y accede al formulario de registro de usuario. | H13: Contraseña: 'Clinica!' (sin número). | I13: 1. Llegar al paso de captura de contraseña. 2. Ingresar una contraseña sin ningún número. 3. Intentar continuar. | J13: El sistema rechaza la contraseña e indica que debe contener al menos un número. | L13: Pendiente
... A93: CP-RNF-006 | B93: 8. Requisitos no funcionales | C93: Usabilidad/Portabilidad - General | D93: Atributo de Portabilidad 3.7.5.3 | E93: No funcional - Usabilidad | F93: Media | G93: N/A. | H93: Dispositivos: computadora de escritorio, laptop, tablet. | I93: 1. Acceder al sistema desde una computadora de escritorio. 2. Repetir el acceso desde una laptop y desde una tablet. 3. Verificar que la interfaz se adapte y conserve la funcionalidad en cada dispositivo. | J93: La interfaz se adapta correctamente a cada tipo de dispositivo sin pérdida de funcionalidad. | L93: Pendiente

Sheet Resumen
B2: Resumen de ejecución — Casos de Prueba PsicoGestión
B4: Avance por módulo
B5: Módulo | C5: Total | D5: Aprobado | E5: Fallido | F5: Pendiente
B6: 1. Administración de cuentas | C6: =COUNTIF('Casos de Prueba'!$B$2:$B$93,$B6) -> 26 | D6: =COUNTIFS('Casos de Prueba'!$B$2:$B$93,$B6,'Casos de Prueba'!$L$2:$L$93,"Aprobado") -> 0 | E6: =COUNTIFS('Casos de Prueba'!$B$2:$B$93,$B6,'Casos de Prueba'!$L$2:$L$93,"Fallido") -> 0 | F6: =COUNTIFS('Casos de Prueba'!$B$2:$B$93,$B6,'Casos de Prueba'!$L$2:$L$93,"Pendiente") -> 26
B7: 3. Administración de pacientes | C7: =COUNTIF('Casos de Prueba'!$B$2:$B$93,$B7) -> 13 | D7: =COUNTIFS('Casos de Prueba'!$B$2:$B$93,$B7,'Casos de Prueba'!$L$2:$L$93,"Aprobado") -> 0 | E7: =COUNTIFS('Casos de Prueba'!$B$2:$B$93,$B7,'Casos de Prueba'!$L$2:$L$93,"Fallido") -> 0 | F7: =COUNTIFS('Casos de Prueba'!$B$2:$B$93,$B7,'Casos de Prueba'!$L$2:$L$93,"Pendiente") -> 13
B8: 4. Administración de salas | C8: =COUNTIF('Casos de Prueba'!$B$2:$B$93,$B8) -> 8 | D8: =COUNTIFS('Casos de Prueba'!$B$2:$B$93,$B8,'Casos de Prueba'!$L$2:$L$93,"Aprobado") -> 0 | E8: =COUNTIFS('Casos de Prueba'!$B$2:$B$93,$B8,'Casos de Prueba'!$L$2:$L$93,"Fallido") -> 0 | F8: =COUNTIFS('Casos de Prueba'!$B$2:$B$93,$B8,'Casos de Prueba'!$L$2:$L$93,"Pendiente") -> 8
B9: 5. Administración de citas | C9: =COUNTIF('Casos de Prueba'!$B$2:$B$93,$B9) -> 16 | D9: =COUNTIFS('Casos de Prueba'!$B$2:$B$93,$B9,'Casos de Prueba'!$L$2:$L$93,"Aprobado") -> 0 | E9: =COUNTIFS('Casos de Prueba'!$B$2:$B$93,$B9,'Casos de Prueba'!$L$2:$L$93,"Fallido") -> 0 | F9: =COUNTIFS('Casos de Prueba'!$B$2:$B$93,$B9,'Casos de Prueba'!$L$2:$L$93,"Pendiente") -> 16
B10: 6. Agenda | C10: =COUNTIF('Casos de Prueba'!$B$2:$B$93,$B10) -> 6 | D10: =COUNTIFS('Casos de Prueba'!$B$2:$B$93,$B10,'Casos de Prueba'!$L$2:$L$93,"Aprobado") -> 0 | E10: =COUNTIFS('Casos de Prueba'!$B$2:$B$93,$B10,'Casos de Prueba'!$L$2:$L$93,"Fallido") -> 0 | F10: =COUNTIFS('Casos de Prueba'!$B$2:$B$93,$B10,'Casos de Prueba'!$L$2:$L$93,"Pendiente") -> 6
B11: 7. Página de inicio | C11: =COUNTIF('Casos de Prueba'!$B$2:$B$93,$B11) -> 6 | D11: =COUNTIFS('Casos de Prueba'!$B$2:$B$93,$B11,'Casos de Prueba'!$L$2:$L$93,"Aprobado") -> 0 | E11: =COUNTIFS('Casos de Prueba'!$B$2:$B$93,$B11,'Casos de Prueba'!$L$2:$L$93,"Fallido") -> 0 | F11: =COUNTIFS('Casos de Prueba'!$B$2:$B$93,$B11,'Casos de Prueba'!$L$2:$L$93,"Pendiente") -> 6
B12: 8. Requisitos no funcionales | C12: =COUNTIF('Casos de Prueba'!$B$2:$B$93,$B12) -> 17 | D12: =COUNTIFS('Casos de Prueba'!$B$2:$B$93,$B12,'Casos de Prueba'!$L$2:$L$93,"Aprobado") -> 0 | E12: =COUNTIFS('Casos de Prueba'!$B$2:$B$93,$B12,'Casos de Prueba'!$L$2:$L$93,"Fallido") -> 0 | F12: =COUNTIFS('Casos de Prueba'!$B$2:$B$93,$B12,'Casos de Prueba'!$L$2:$L$93,"Pendiente") -> 17
B13: TOTAL | C13: =SUM(C6:C12) -> 92 | D13: =SUM(D6:D12) -> 0 | E13: =SUM(E6:E12) -> 0 | F13: =SUM(F6:F12) -> 92
B15: Avance por prioridad
B16: Prioridad | C16: Total | D16: Aprobado | E16: Fallido | F16: Pendiente
B17: Alta | C17: =COUNTIF('Casos de Prueba'!$F$2:$F$93,$B17) -> 53 | D17: =COUNTIFS('Casos de Prueba'!$F$2:$F$93,$B17,'Casos de Prueba'!$L$2:$L$93,"Aprobado") -> 0 | E17: =COUNTIFS('Casos de Prueba'!$F$2:$F$93,$B17,'Casos de Prueba'!$L$2:$L$93,"Fallido") -> 0 | F17: =COUNTIFS('Casos de Prueba'!$F$2:$F$93,$B17,'Casos de Prueba'!$L$2:$L$93,"Pendiente") -> 53
B18: Media | C18: =COUNTIF('Casos de Prueba'!$F$2:$F$93,$B18) -> 36 | D18: =COUNTIFS('Casos de Prueba'!$F$2:$F$93,$B18,'Casos de Prueba'!$L$2:$L$93,"Aprobado") -> 0 | E18: =COUNTIFS('Casos de Prueba'!$F$2:$F$93,$B18,'Casos de Prueba'!$L$2:$L$93,"Fallido") -> 0 | F18: =COUNTIFS('Casos de Prueba'!$F$2:$F$93,$B18,'Casos de Prueba'!$L$2:$L$93,"Pendiente") -> 36
B19: Baja | C19: =COUNTIF('Casos de Prueba'!$F$2:$F$93,$B19) -> 3 | D19: =COUNTIFS('Casos de Prueba'!$F$2:$F$93,$B19,'Casos de Prueba'!$L$2:$L$93,"Aprobado") -> 0 | E19: =COUNTIFS('Casos de Prueba'!$F$2:$F$93,$B19,'Casos de Prueba'!$L$2:$L$93,"Fallido") -> 0 | F19: =COUNTIFS('Casos de Prueba'!$F$2:$F$93,$B19,'Casos de Prueba'!$L$2:$L$93,"Pendiente") -> 3
B21: Total general de casos de prueba | C21: =COUNTA('Casos de Prueba'!$A$2:$A$93) -> 92
